,Temperature (C),Apparent Temperature (C),Humidity,Wind Speed (km/h),Wind Bearing (degrees),Visibility (km),Loud Cover,Pressure (millibars),Year,Month,Day,Hour,DayOfWeek,Summary_Breezy and Dry,Summary_Breezy and Foggy,Summary_Breezy and Mostly Cloudy,Summary_Breezy and Overcast,Summary_Breezy and Partly Cloudy,Summary_Clear,Summary_Dangerously Windy and Partly Cloudy,Summary_Drizzle,Summary_Dry,Summary_Dry and Mostly Cloudy,Summary_Dry and Partly Cloudy,Summary_Foggy,Summary_Humid and Mostly Cloudy,Summary_Humid and Overcast,Summary_Humid and Partly Cloudy,Summary_Light Rain,Summary_Mostly Cloudy,Summary_Overcast,Summary_Partly Cloudy,Summary_Rain,Summary_Windy,Summary_Windy and Dry,Summary_Windy and Foggy,Summary_Windy and Mostly Cloudy,Summary_Windy and Overcast,Summary_Windy and Partly Cloudy,Precip Type_snow
Temperature (C),1.0,0.9926340404792917,-0.6322240758268626,0.008659096175263682,0.029837002933615225,0.3938128642074917,,-0.005286498848613821,0.01949407109477755,0.15038219629401964,-1.14226841730314e-05,0.09930783887571598,0.0023968148861771357,0.0030952177265645845,-0.024853877639788826,-0.006490825556094344,-0.03651305970792133,0.003685238517229307,0.0008349038950342918,-0.0010100829615252702,-0.0022981384671467834,0.03373979141595532,0.018813437561628808,0.04591761688838042,-0.3104240202681171,0.01910019236450586,0.008550080250380395,0.013399081473697392,-0.005134325470305889,0.04643906992867852,-0.21144451957814012,0.30029408077339775,-0.001965401362720583,-0.004899086387159746,0.0051572409032306955,-4.156160672095189e-05,-0.00020638883612081923,-0.009067406304777323,-0.005442571214047788,-0.563533459277382
Apparent Temperature (C),0.9926340404792917,1.0,-0.6024601346025962,-0.05706090895314961,0.02884614728313669,0.3826754667647672,,-6.893659556334216e-05,0.019032429576769795,0.15977961867642484,0.0025097136358438526,0.09572241508371854,0.0009018010863653548,0.0030889552223613177,-0.03255983410600334,-0.014951308103454098,-0.05114558824805603,-0.005159589533099551,0.007277534266149734,-0.0022223845795968237,-0.0015950386406872563,0.030600435965264055,0.016990969469967476,0.0422753696118663,-0.29294222482377774,0.01911191892023405,0.008494907824929555,0.013305170941840532,-0.005499621866886625,0.04577374450019776,-0.2165329589030218,0.2974750624909275,-0.0011929476403338142,-0.0075425601531974315,0.00466578538102647,-0.0006567044308009518,-0.001969897834252495,-0.01448058764186203,-0.010628306264067341,-0.5660853000882731
Humidity,-0.6322240758268626,-0.6024601346025962,1.0,-0.22469712625601748,0.0007685458405821496,-0.3706213935929713,,0.005376882340920539,0.0384413134786765,0.05568211301873185,0.005002342736704689,-0.15967091966534952,-0.0021069634549392086,-0.007834120880551207,0.01988839599776201,-0.03674740287732351,0.010758156043777415,-0.061399123011297976,-0.010409657886657979,-0.004039511045239789,0.013716743536213058,-0.048546464465082664,-0.03041699700622796,-0.0756196096434883,0.312554968336086,0.01454919604455148,0.006398675530682601,0.0077540170178833434,0.02007492391133152,-0.03169610763981038,0.23948275739850788,-0.3097997138101888,0.011069166996006116,-0.007575938494390073,-0.008164086953187084,0.005449672118395976,-0.013163822228951655,-0.0028978172018673926,-0.02783387102334964,0.2326575561250915
Wind Speed (km/h),0.008659096175263682,-0.05706090895314961,-0.22469712625601748,1.0,0.1044837181763218,0.10084705449291562,,-0.04943365880505552,-0.005189879025226793,-0.09939386530423701,-0.008240025654926231,0.011134560271967367,0.008951244419331178,0.010732954578185275,0.06259134282141669,0.23996075493844585,0.23900054456810113,0.2087473845793453,-0.13715819899239423,0.024750367717790638,-0.0013124575744407627,0.010631924595428931,0.004995046421218821,0.006483548275251327,-0.14881802893441262,-0.002207417186359537,-0.0013163086905142601,-0.0016706106794729097,0.014324659661318618,0.05509051936767441,0.08036049786840362,-0.07058824881767489,-0.00739120295361609,0.0413861748136814,0.013737759109719002,0.031141866794916897,0.08920518597928657,0.10197082807323718,0.12914796182451158,-0.0678764607940526
Wind Bearing (degrees),0.029837002933615225,0.02884614728313669,0.0007685458405821496,0.1044837181763218,1.0,0.04888833118770866,,-0.011642691185043855,-0.0255007110254483,-0.01906927503769872,-0.0033708383934180613,-0.0034710654772586945,-0.00239903698533611,0.001578530600652992,-0.0047826229891405145,0.027487941524402874,0.018028696932854374,0.04249072744643539,-0.028846748528748727,0.0035933044023175836,-0.0019157548164538526,0.0075037586162623226,3.1363654306564365e-05,0.010311058351243772,-0.04917957185630532,-0.006483278713180462,-0.003870753699864434,0.0017533307122267318,-0.0016104577680117402,0.028071187967984836,-0.016574194780688313,0.01650337145050545,0.00231021967325969,0.01124825297186358,-0.0011278819687472203,-0.001955082006525615,0.013153271396845573,0.011461389424388905,0.02649724735328228,-0.04211172525798064
Visibility (km),0.3938128642074917,0.3826754667647672,-0.3706213935929713,0.10084705449291562,0.04888833118770866,1.0,,0.061009419609565956,0.11494075069705739,-0.06803969199551707,-0.023500855308663974,0.10411108518602187,-0.00848847772083638,-0.00029418981684577666,-0.040006816107811524,0.019663043911410535,0.012560751345288536,0.01467664109176239,0.10074897292667846,0.0008391538307823288,-0.011076952310784878,-0.0005023023148749537,-0.0007146931432632658,0.004486954260781798,-0.5974277007805139,-0.0030801819992894845,-0.002680183173912671,0.0008652814598668446,-0.022751666172502277,0.11721569939840248,-0.11969779826157619,0.24502080018105454,-0.020997461544344436,0.0007663201955936699,-0.00029418981684578306,-0.013086500240004587,0.0036494196168574537,-0.002885728693843941,0.007105532210417533,-0.316487211207396
Loud Cover,,,,,,,,,,,,,,,,,,,,,,,,,,,,,,,,,,,,,,,,
Pressure (millibars),-0.005286498848613821,-6.893659556334216e-05,0.005376882340920539,-0.04943365880505552,-0.011642691185043855,0.061009419609565956,,1.0,0.015118924860551629,-0.020046105548505295,-0.01599532522103624,-0.005748818506796095,0.016905545399327312,0.0005080067926292389,0.0009426905342814541,-0.0015826340703533797,-0.000654650184418019,-0.0036575625007135523,-0.1585623802870969,0.0001625089832598164,0.002026441245883776,0.002126480231067983,0.0012078546810662583,0.003600201996378841,0.010295165605314382,0.0016962576392744449,0.0008305864913450906,0.0010020356977424511,0.001728494892981727,0.04176287190978702,0.00950504646441111,0.05934338770038576,0.0012337401680969063,-0.0681950465812123,0.0004694652043329479,0.0004860743482047212,-0.0037990495039908322,0.0006093898064622202,-0.011238383203384779,0.009280922914367646
Year,0.01949407109477755,0.019032429576769795,0.0384413134786765,-0.005189879025226793,-0.0255007110254483,0.11494075069705739,,0.015118924860551629,1.0,-0.006506819702683575,-0.0034007243134197146,-0.00020793639808447625,0.0009726448997940969,0.0010442761004603918,0.0008158412717299407,-0.0058475179360540485,0.008877919237260964,-0.016080812802448722,-0.07503344773899638,-0.0040724879379999005,0.028813203654545875,-0.009181265523513163,0.003907588215890052,-0.0014618778631425168,-0.007242643487702417,0.004340176467639629,0.00663101232319293,-0.006119229305309097,0.03202221798143105,0.06052146715881422,0.014963166330281857,-0.016934417902483692,0.016247556201261636,0.0029537666395655832,0.0010442761004554465,-0.0020048903855661676,-4.920304847340337e-05,-0.0032165336257978694,-0.009833915106682046,-0.04409225244985903
Month,0.15038219629401964,0.15977961867642484,0.05568211301873185,-0.09939386530423701,-0.01906927503769872,-0.06803969199551707,,-0.020046105548505295,-0.006506819702683575,1.0,0.008714384293638012,0.0001566799669764774,-0.00033908604481528153,-0.0032869346541508446,0.0011214623822267157,-0.011158518577295948,-0.017817776780311004,-0.008809680755661754,0.024359241276943965,-0.005158876157842077,0.016045844181875952,-0.003756908894439296,0.003711185345369485,0.0005034399264069318,0.038288395016004284,0.003630683230263122,0.0008552347639836647,0.0007490775529144055,0.014008511923409754,0.004563078561814235,-0.06073767872432997,0.013461526294797079,0.01032488020590331,-0.008635338995408151,-0.002350963902305171,-0.002830030561525495,-0.016600967611613608,-0.009494240648666196,-0.022452912321672777,-0.14574988869103822
Day,-1.14226841730314e-05,0.0025097136358438526,0.005002342736704689,-0.008240025654926231,-0.0033708383934180613,-0.023500855308663974,,-0.01599532522103624,-0.0034007243134197146,0.008714384293638012,1.0,-0.00037176172394697867,-0.0005763047686079274,0.0008423369553687078,-0.007052676932113158,0.000636840630176001,0.000590236879822641,-0.0016670194247047723,0.010500852357334571,0.004879370787774045,0.002733930673678687,0.007430525011399946,0.007468013127057396,0.008210900376596,0.009204297118845631,0.001439804582211445,0.0033384315211684758,0.0011588465744726383,0.007150534268668831,0.00034062372927792377,-0.006465316095228149,-0.009107564686509802,0.009743610829829122,-0.002159021457747969,0.004879370787774065,-0.0021688923044858727,-0.0018408263187391224,0.0005079833064102829,-5.4860830648706434e-05,0.010699620554850662
Hour,0.09930783887571598,0.09572241508371854,-0.15967091966534952,0.011134560271967367,-0.0034710654772586945,0.10411108518602187,,-0.005748818506796095,-0.00020793639808447625,0.0001566799669764774,-0.00037176172394697867,1.0,3.7709470286736374e-05,-0.0006987465710748272,0.00012405085044155407,0.006981904448023545,0.0038088003106587893,-0.0006945799649913577,-0.027198761291879717,0.0002342124890489288,-0.00421511302385012,-0.00031438450028871016,0.00474149309157764,0.0042865719709504375,-0.06441937031087933,0.007973517438280339,0.0009723237932576314,0.005378509746176043,-0.003490275885641876,0.011768987111922072,0.013913032008009906,0.029600715289440582,-0.0032423792607496893,-0.0006569743738400782,-0.0006987465710748488,0.00420032691011565,0.0025688166072217497,-0.0028104353348091813,3.646941188531977e-05,-0.051242553380031364
DayOfWeek,0.0023968148861771357,0.0009018010863653548,-0.0021069634549392086,0.008951244419331178,-0.00239903698533611,-0.00848847772083638,,0.016905545399327312,0.0009726448997940969,-0.00033908604481528153,-0.0005763047686079274,3.7709470286736374e-05,1.0,0.0048433528909726424,0.007094052190741163,0.006758546482426348,0.0030174371710862268,0.004518533436215733,-0.0005055491447205272,-0.004844430298951012,0.012150789995767432,0.01218285636983996,0.006471345356494882,0.01044623949507064,0.020341418973937528,-0.0023015345706356894,-0.0018323015242418693,-0.0019604117855005626,0.00019921289491020428,-0.011630328056408675,-0.008637541469964989,0.002256174875094438,-0.000512318575339631,0.002852870919467912,0.004843352890972645,-0.0008084053169584878,0.007367022951185863,0.00023713557250580676,0.0003902418408139977,-0.0049916727387614105
Summary_Breezy and Dry,0.0030952177265645845,0.0030889552223613177,-0.007834120880551207,0.010732954578185275,0.001578530600652992,-0.00029418981684577666,,0.0005080067926292389,0.0010442761004603918,-0.0032869346541508446,0.0008423369553687078,-0.0006987465710748272,0.0048433528909726424,1.0,-6.169395244816718e-05,-0.00023747918991671614,-0.00024023981581882087,-0.0002052573163585106,-0.001146980629461795,-1.0426332745983087e-05,-6.51253297562403e-05,-6.080590629453132e-05,-3.90144090774437e-05,-9.673270580807969e-05,-0.0009141553758947467,-6.595532921173308e-05,-2.7586346419057123e-05,-4.2992457378423666e-05,-8.278321180704498e-05,-0.002068848829316367,-0.001472715697761371,-0.0022649061409189563,-3.2972506176841905e-05,-2.9491198567678236e-05,-1.0426332745983077e-05,-2.0852991624860556e-05,-6.169395244816729e-05,-6.995801509094822e-05,-8.537259075816341e-05,-0.001144936168828712
Summary_Breezy and Foggy,-0.024853877639788826,-0.03255983410600334,0.01988839599776201,0.06259134282141669,-0.0047826229891405145,-0.040006816107811524,,0.0009426905342814541,0.0008158412717299407,0.0011214623822267157,-0.007052676932113158,0.00012405085044155407,0.007094052190741163,-6.169395244816718e-05,1.0,-0.0014051949239578562,-0.0014215299026393683,-0.001214533952020544,-0.006786831970257806,-6.169395244816724e-05,-0.0003853549560559192,-0.00035979637163869964,-0.0002308532786222857,-0.0005723798671786463,-0.005409174986518116,-0.0003902661696328052,-0.0001632319613865806,-0.0002543919022876082,-0.0004898389162477089,-0.01224164472858039,-0.008714248282778347,-0.013401741068665795,-0.0001951025617281107,-0.00017450321665349889,-6.16939524481671e-05,-0.0001233898346666365,-0.00036505105499755466,-0.00041395057701875066,-0.0005051606046852919,0.040019289160425124
Summary_Breezy and Mostly Cloudy,-0.006490825556094344,-0.014951308103454098,-0.03674740287732351,0.23996075493844585,0.027487941524402874,0.019663043911410535,,-0.0015826340703533797,-0.0058475179360540485,-0.011158518577295948,0.000636840630176001,0.006981904448023545,0.006758546482426348,-0.00023747918991671614,-0.0014051949239578562,1.0,-0.005471910233094692,-0.004675118510108632,-0.026124624771800803,-0.00023747918991671497,-0.0014833509471035744,-0.001384968015195969,-0.0008886259904145174,-0.002203267934509838,-0.020821595033894535,-0.0015022557339662156,-0.0006283305319296956,-0.00097923346583105,-0.0018855421707325629,-0.0471218937680148,-0.033543848964224125,-0.05158746499722524,-0.0007510103741334286,-0.0006717170951812767,-0.00023747918991671595,-0.00047496580811885085,-0.0014051949239578547,-0.0015934243762151799,-0.0019445201096378606,-0.01431280504438584
Summary_Breezy and Overcast,-0.03651305970792133,-0.05114558824805603,0.010758156043777415,0.23900054456810113,0.018028696932854374,0.012560751345288536,,-0.000654650184418019,0.008877919237260964,-0.017817776780311004,0.000590236879822641,0.0038088003106587893,0.0030174371710862268,-0.00024023981581882087,-0.0014215299026393683,-0.005471910233094692,1.0,-0.004729465391024652,-0.026428315869337672,-0.000240239815818819,-0.001500594466621732,-0.0014010678619980589,-0.0008989560068142033,-0.0022288802777700304,-0.021063639966731985,-0.001519719016084664,-0.0006356346899998733,-0.000990616767546596,-0.0019074610452152528,-0.04766967195665546,-0.03393378636606352,-0.05218715414112577,-0.0007597406493727389,-0.0006795256093188491,-0.0002402398158188209,-0.00048048714627470186,-0.0014215299026393464,-0.0016119474670492245,-0.0019671245853551496,-0.0013287025305810433
Summary_Breezy and Partly Cloudy,0.003685238517229307,-0.005159589533099551,-0.061399123011297976,0.2087473845793453,0.04249072744643539,0.01467664109176239,,-0.0036575625007135523,-0.016080812802448722,-0.008809680755661754,-0.0016670194247047723,-0.0006945799649913577,0.004518533436215733,-0.0002052573163585106,-0.001214533952020544,-0.004675118510108632,-0.004729465391024652,1.0,-0.02257995899941172,-0.0002052573163585095,-0.0012820855365352664,-0.0011970514896113456,-0.0007680546076600086,-0.0019043220739250856,-0.01799645990227464,-0.0012984252664253277,-0.0005430768010251016,-0.0008463681948528546,-0.0016297062743943851,-0.04072825690514413,-0.028992521075831175,-0.044587926322228924,-0.0006491110821377202,-0.0005805765480225647,-0.00020525731635851068,-0.00041052105311086917,-0.0012145339520205623,-0.001377223879687537,-0.0016806819134316166,-0.01887987625510353
Summary_Clear,0.0008349038950342918,0.007277534266149734,-0.010409657886657979,-0.13715819899239423,-0.028846748528748727,0.10074897292667846,,-0.1585623802870969,-0.07503344773899638,0.024359241276943965,0.010500852357334571,-0.027198761291879717,-0.0005055491447205272,-0.001146980629461795,-0.006786831970257806,-0.026124624771800803,-0.026428315869337672,-0.02257995899941172,1.0,-0.0011469806294617945,-0.007164311128138347,-0.006689139736458694,-0.004291899421583809,-0.010641377222498432,-0.10056445866583263,-0.0072556177573346,-0.0030347204286637823,-0.004729516794388837,-0.00910682046128776,-0.22759004439262598,-0.16201059559386902,-0.2491579287246444,-0.003627241409902016,-0.0032442695165056856,-0.0011469806294617947,-0.0022939971361703136,-0.006786831970257796,-0.0076959454623034065,-0.009391673014110053,0.020131090489213774
Summary_Dangerously Windy and Partly Cloudy,-0.0010100829615252702,-0.0022223845795968237,-0.004039511045239789,0.024750367717790638,0.0035933044023175836,0.0008391538307823288,,0.0001625089832598164,-0.0040724879379999005,-0.005158876157842077,0.004879370787774045,0.0002342124890489288,-0.004844430298951012,-1.0426332745983087e-05,-6.169395244816724e-05,-0.00023747918991671497,-0.000240239815818819,-0.0002052573163585095,-0.0011469806294617945,1.0,-6.512532975624021e-05,-6.0805906294531675e-05,-3.9014409077443696e-05,-9.673270580807939e-05,-0.0009141553758947415,-6.595532921173275e-05,-2.7586346419056953e-05,-4.2992457378423293e-05,-8.278321180704491e-05,-0.002068848829316355,-0.0014727156977613672,-0.002264906140918949,-3.2972506176841865e-05,-2.9491198567677986e-05,-1.0426332745983099e-05,-2.0852991624860705e-05,-6.169395244816676e-05,-6.995801509094752e-05,-8.537259075816318e-05,-0.0011449361688287063
Summary_Drizzle,-0.0022981384671467834,-0.0015950386406872563,0.013716743536213058,-0.0013124575744407627,-0.0019157548164538526,-0.011076952310784878,,0.002026441245883776,0.028813203654545875,0.016045844181875952,0.002733930673678687,-0.00421511302385012,0.012150789995767432,-6.51253297562403e-05,-0.0003853549560559192,-0.0014833509471035744,-0.001500594466621732,-0.0012820855365352664,-0.007164311128138347,-6.512532975624021e-05,1.0,-0.0003798080106434413,-0.00024369318707886703,-0.000604215261247217,-0.0057100297634872415,-0.00041197251888497354,-0.00017231081638010613,-0.0002685410136061166,-0.0005170834365795223,-0.012922517006466013,-0.00919892907607925,-0.014147137146674033,-0.00020595403867997893,-0.00018420897149736156,-6.512532975624021e-05,-0.00013025269661534408,-0.0003853549560559183,-0.0004369742375280832,-0.0005332573073127733,-0.007151540945548974
Summary_Dry,0.03373979141595532,0.030600435965264055,-0.048546464465082664,0.010631924595428931,0.0075037586162623226,-0.0005023023148749537,,0.002126480231067983,-0.009181265523513163,-0.003756908894439296,0.007430525011399946,-0.00031438450028871016,0.01218285636983996,-6.080590629453132e-05,-0.00035979637163869964,-0.001384968015195969,-0.0014010678619980589,-0.0011970514896113456,-0.006689139736458694,-6.0805906294531675e-05,-0.0003798080106434413,1.0,-0.00022753028896123868,-0.0005641408142521437,-0.0053313132699235,-0.0003846485303491527,-0.00016088233861631744,-0.0002507300887487182,-0.00048278798907879015,-0.012065433850788102,-0.008588812087458366,-0.013208831324099557,-0.0001922941814471953,-0.00017199135115944815,-6.08059062945313e-05,-0.00012161371458151801,-0.00035979637163869937,-0.00040799201539108644,-0.0004978891313211031,-0.006677216533477672
Summary_Dry and Mostly Cloudy,0.018813437561628808,0.016990969469967476,-0.03041699700622796,0.004995046421218821,3.1363654306564365e-05,-0.0007146931432632658,,0.0012078546810662583,0.003907588215890052,0.003711185345369485,0.007468013127057396,0.00474149309157764,0.006471345356494882,-3.90144090774437e-05,-0.0002308532786222857,-0.0008886259904145174,-0.0008989560068142033,-0.0007680546076600086,-0.004291899421583809,-3.9014409077443696e-05,-0.00024369318707886703,-0.00022753028896123868,1.0,-0.0003619651748615477,-0.003420688046738349,-0.00024679897116226015,-0.0001032256528125673,-0.00016087394870958687,-0.0003097674099677123,-0.0077414481690539555,-0.005510771053165447,-0.008475077177818768,-0.00012338018319887813,-0.00011035343999996434,-3.901440907744365e-05,-7.80300385151485e-05,-0.000230853278622286,-0.00026177666543931457,-0.00031945663551964784,-0.004284249231874304
Summary_Dry and Partly Cloudy,0.04591761688838042,0.0422753696118663,-0.0756196096434883,0.006483548275251327,0.010311058351243772,0.004486954260781798,,0.003600201996378841,-0.0014618778631425168,0.0005034399264069318,0.008210900376596,0.0042865719709504375,0.01044623949507064,-9.673270580807969e-05,-0.0005723798671786463,-0.002203267934509838,-0.0022288802777700304,-0.0019043220739250856,-0.010641377222498432,-9.673270580807939e-05,-0.000604215261247217,-0.0005641408142521437,-0.0003619651748615477,1.0,-0.008481287255422472,-0.0006119157725492422,-0.0002559386888455558,-0.00039887243510002994,-0.000768040332941031,-0.01919422198037479,-0.013663459415811874,-0.021013188889145554,-0.0003059100277600835,-0.0002736113938118774,-9.673270580807965e-05,-0.0001934684373892766,-0.0005723798671786453,-0.0006490516135999259,-0.0007920638931329593,-0.010622409267631295
Summary_Foggy,-0.3104240202681171,-0.29294222482377774,0.312554968336086,-0.14881802893441262,-0.04917957185630532,-0.5974277007805139,,0.010295165605314382,-0.007242643487702417,0.038288395016004284,0.009204297118845631,-0.06441937031087933,0.020341418973937528,-0.0009141553758947467,-0.005409174986518116,-0.020821595033894535,-0.021063639966731985,-0.01799645990227464,-0.10056445866583263,-0.0009141553758947415,-0.0057100297634872415,-0.0053313132699235,-0.003420688046738349,-0.008481287255422472,1.0,-0.005782802087439892,-0.0024187034400941624,-0.003769473600442335,-0.007258229710383905,-0.18139160962052822,-0.1291241134416887,-0.19858143558824692,-0.0028909487652689324,-0.002585716221516969,-0.000914155375894747,-0.0018283393463246825,-0.005409174986518039,-0.006133747803795592,-0.00748526012904234,0.2762169213814936
Summary_Humid and Mostly Cloudy,0.01910019236450586,0.01911191892023405,0.01454919604455148,-0.002207417186359537,-0.006483278713180462,-0.0030801819992894845,,0.0016962576392744449,0.004340176467639629,0.003630683230263122,0.001439804582211445,0.007973517438280339,-0.0023015345706356894,-6.595532921173308e-05,-0.0003902661696328052,-0.0015022557339662156,-0.001519719016084664,-0.0012984252664253277,-0.0072556177573346,-6.595532921173275e-05,-0.00041197251888497354,-0.0003846485303491527,-0.00024679897116226015,-0.0006119157725492422,-0.005782802087439892,1.0,-0.00017450685721869053,-0.00027196347451195914,-0.0005236734833771595,-0.013087209947278884,-0.00931616619645683,-0.014327437441082967,-0.0002085788505711524,-0.00018655665014424052,-6.595532921173303e-05,-0.0001319127214884901,-0.00039026616963280434,-0.00044254332071845765,-0.0005400534844125841,-0.007242684823252971
Summary_Humid and Overcast,0.008550080250380395,0.008494907824929555,0.006398675530682601,-0.0013163086905142601,-0.003870753699864434,-0.002680183173912671,,0.0008305864913450906,0.00663101232319293,0.0008552347639836647,0.0033384315211684758,0.0009723237932576314,-0.0018323015242418693,-2.7586346419057123e-05,-0.0001632319613865806,-0.0006283305319296956,-0.0006356346899998733,-0.0005430768010251016,-0.0030347204286637823,-2.7586346419056953e-05,-0.00017231081638010613,-0.00016088233861631744,-0.0001032256528125673,-0.0002559386888455558,-0.0024187034400941624,-0.00017450685721869053,1.0,-0.00011375090854496763,-0.00021903064233885623,-0.005473830721177552,-0.0038965613706200544,-0.0059925658361623954,-8.723978026207756e-05,-7.802881797673269e-05,-2.7586346419057075e-05,-5.517355573163767e-05,-0.00016323196138657962,-0.0001850972998950198,-0.00022588170939148242,-0.0030293111250631346
Summary_Humid and Partly Cloudy,0.013399081473697392,0.013305170941840532,0.0077540170178833434,-0.0016706106794729097,0.0017533307122267318,0.0008652814598668446,,0.0010020356977424511,-0.006119229305309097,0.0007490775529144055,0.0011588465744726383,0.005378509746176043,-0.0019604117855005626,-4.2992457378423666e-05,-0.0002543919022876082,-0.00097923346583105,-0.000990616767546596,-0.0008463681948528546,-0.004729516794388837,-4.2992457378423293e-05,-0.0002685410136061166,-0.0002507300887487182,-0.00016087394870958687,-0.00039887243510002994,-0.003769473600442335,-0.00027196347451195914,-0.00011375090854496763,1.0,-0.0003413523999255219,-0.00853079383554608,-0.006072668924836851,-0.00933922627465577,-0.00013596046673398438,-0.00012160547033644174,-4.299245737842366e-05,-8.598625954939269e-05,-0.00025439190228761384,-0.0002884683479179635,-0.00035202957347299187,-0.004721086564050798
Summary_Light Rain,-0.005134325470305889,-0.005499621866886625,0.02007492391133152,0.014324659661318618,-0.0016104577680117402,-0.022751666172502277,,0.001728494892981727,0.03202221798143105,0.014008511923409754,0.007150534268668831,-0.003490275885641876,0.00019921289491020428,-8.278321180704498e-05,-0.0004898389162477089,-0.0018855421707325629,-0.0019074610452152528,-0.0016297062743943851,-0.00910682046128776,-8.278321180704491e-05,-0.0005170834365795223,-0.00048278798907879015,-0.0003097674099677123,-0.000768040332941031,-0.007258229710383905,-0.0005236734833771595,-0.00021903064233885623,-0.0003413523999255219,1.0,-0.016426288610445233,-0.011693098475713771,-0.01798294849730432,-0.000261795784687405,-0.00023415482672105447,-8.27832118070449e-05,-0.00016556901305077188,-0.00048983891624771,-0.0005554540912868564,-0.0006778430571355054,-0.009090587810580867
Summary_Mostly Cloudy,0.04643906992867852,0.04577374450019776,-0.03169610763981038,0.05509051936767441,0.028071187967984836,0.11721569939840248,,0.04176287190978702,0.06052146715881422,0.004563078561814235,0.00034062372927792377,0.011768987111922072,-0.011630328056408675,-0.002068848829316367,-0.01224164472858039,-0.0471218937680148,-0.04766967195665546,-0.04072825690514413,-0.22759004439262598,-0.002068848829316355,-0.012922517006466013,-0.012065433850788102,-0.0077414481690539555,-0.01919422198037479,-0.18139160962052822,-0.013087209947278884,-0.005473830721177552,-0.00853079383554608,-0.016426288610445233,1.0,-0.2922241426069255,-0.4494148165333433,-0.006542581410502877,-0.0058518016946450275,-0.0020688488293163667,-0.004137762371669719,-0.012241644728580352,-0.01388144433410343,-0.016940087061174766,-0.08974838966248826
Summary_Overcast,-0.21144451957814012,-0.2165329589030218,0.23948275739850788,0.08036049786840362,-0.016574194780688313,-0.11969779826157619,,0.00950504646441111,0.014963166330281857,-0.06073767872432997,-0.006465316095228149,0.013913032008009906,-0.008637541469964989,-0.001472715697761371,-0.008714248282778347,-0.033543848964224125,-0.03393378636606352,-0.028992521075831175,-0.16201059559386902,-0.0014727156977613672,-0.00919892907607925,-0.008588812087458366,-0.005510771053165447,-0.013663459415811874,-0.1291241134416887,-0.00931616619645683,-0.0038965613706200544,-0.006072668924836851,-0.011693098475713771,-0.2922241426069255,1.0,-0.3199171663663354,-0.004657354472010043,-0.004165621041890298,-0.0014727156977613696,-0.0029454774616751375,-0.0087142482827783,-0.009881544117068397,-0.012058847308181677,0.06622811580865935
Summary_Partly Cloudy,0.30029408077339775,0.2974750624909275,-0.3097997138101888,-0.07058824881767489,0.01650337145050545,0.24502080018105454,,0.05934338770038576,-0.016934417902483692,0.013461526294797079,-0.009107564686509802,0.029600715289440582,0.002256174875094438,-0.0022649061409189563,-0.013401741068665795,-0.05158746499722524,-0.05218715414112577,-0.044587926322228924,-0.2491579287246444,-0.002264906140918949,-0.014147137146674033,-0.013208831324099557,-0.008475077177818768,-0.021013188889145554,-0.19858143558824692,-0.014327437441082967,-0.0059925658361623954,-0.00933922627465577,-0.01798294849730432,-0.4494148165333433,-0.3199171663663354,1.0,-0.007162598158033008,-0.006406355750033759,-0.0022649061409189585,-0.0045298831274950754,-0.013401741068665936,-0.015196938544574542,-0.018545437766584114,-0.12760966798068424
Summary_Rain,-0.001965401362720583,-0.0011929476403338142,0.011069166996006116,-0.00739120295361609,0.00231021967325969,-0.020997461544344436,,0.0012337401680969063,0.016247556201261636,0.01032488020590331,0.009743610829829122,-0.0032423792607496893,-0.000512318575339631,-3.2972506176841905e-05,-0.0001951025617281107,-0.0007510103741334286,-0.0007597406493727389,-0.0006491110821377202,-0.003627241409902016,-3.2972506176841865e-05,-0.00020595403867997893,-0.0001922941814471953,-0.00012338018319887813,-0.0003059100277600835,-0.0028909487652689324,-0.0002085788505711524,-8.723978026207756e-05,-0.00013596046673398438,-0.000261795784687405,-0.006542581410502877,-0.004657354472010043,-0.007162598158033008,1.0,-9.326373429908764e-05,-3.297250617684185e-05,-6.594604372484156e-05,-0.00019510256172811092,-0.00022123704862523125,-0.00026998450410965904,-0.0036207759543583234
Summary_Windy,-0.004899086387159746,-0.0075425601531974315,-0.007575938494390073,0.0413861748136814,0.01124825297186358,0.0007663201955936699,,-0.0681950465812123,0.0029537666395655832,-0.008635338995408151,-0.002159021457747969,-0.0006569743738400782,0.002852870919467912,-2.9491198567678236e-05,-0.00017450321665349889,-0.0006717170951812767,-0.0006795256093188491,-0.0005805765480225647,-0.0032442695165056856,-2.9491198567677986e-05,-0.00018420897149736156,-0.00017199135115944815,-0.00011035343999996434,-0.0002736113938118774,-0.002585716221516969,-0.00018655665014424052,-7.802881797673269e-05,-0.00012160547033644174,-0.00023415482672105447,-0.0058518016946450275,-0.004165621041890298,-0.006406355750033759,-9.326373429908764e-05,1.0,-2.9491198567678236e-05,-5.898331961214418e-05,-0.00017450321665349897,-0.00019787836861840226,-0.00024147896366113073,-0.0032384866975641766
Summary_Windy and Dry,0.0051572409032306955,0.00466578538102647,-0.008164086953187084,0.013737759109719002,-0.0011278819687472203,-0.00029418981684578306,,0.0004694652043329479,0.0010442761004554465,-0.002350963902305171,0.004879370787774065,-0.0006987465710748488,0.004843352890972645,-1.0426332745983077e-05,-6.16939524481671e-05,-0.00023747918991671595,-0.0002402398158188209,-0.00020525731635851068,-0.0011469806294617947,-1.0426332745983099e-05,-6.512532975624021e-05,-6.08059062945313e-05,-3.901440907744365e-05,-9.673270580807965e-05,-0.000914155375894747,-6.595532921173303e-05,-2.7586346419057075e-05,-4.299245737842366e-05,-8.27832118070449e-05,-0.0020688488293163667,-0.0014727156977613696,-0.0022649061409189585,-3.297250617684185e-05,-2.9491198567678236e-05,1.0,-2.085299162486057e-05,-6.169395244816729e-05,-6.995801509094821e-05,-8.537259075816347e-05,-0.0011449361688287123
Summary_Windy and Foggy,-4.156160672095189e-05,-0.0006567044308009518,0.005449672118395976,0.031141866794916897,-0.001955082006525615,-0.013086500240004587,,0.0004860743482047212,-0.0020048903855661676,-0.002830030561525495,-0.0021688923044858727,0.00420032691011565,-0.0008084053169584878,-2.0852991624860556e-05,-0.0001233898346666365,-0.00047496580811885085,-0.00048048714627470186,-0.00041052105311086917,-0.0022939971361703136,-2.0852991624860705e-05,-0.00013025269661534408,-0.00012161371458151801,-7.80300385151485e-05,-0.0001934684373892766,-0.0018283393463246825,-0.0001319127214884901,-5.517355573163767e-05,-8.598625954939269e-05,-0.00016556901305077188,-0.004137762371669719,-0.0029454774616751375,-0.0045298831274950754,-6.594604372484156e-05,-5.898331961214418e-05,-2.085299162486057e-05,1.0,-0.00012338983466663445,-0.00013991821844986158,-0.00017074785194808745,0.002835877663419963
Summary_Windy and Mostly Cloudy,-0.00020638883612081923,-0.001969897834252495,-0.013163822228951655,0.08920518597928657,0.013153271396845573,0.0036494196168574537,,-0.0037990495039908322,-4.920304847340337e-05,-0.016600967611613608,-0.0018408263187391224,0.0025688166072217497,0.007367022951185863,-6.169395244816729e-05,-0.00036505105499755466,-0.0014051949239578547,-0.0014215299026393464,-0.0012145339520205623,-0.006786831970257796,-6.169395244816676e-05,-0.0003853549560559183,-0.00035979637163869937,-0.000230853278622286,-0.0005723798671786453,-0.005409174986518039,-0.00039026616963280434,-0.00016323196138657962,-0.00025439190228761384,-0.00048983891624771,-0.012241644728580352,-0.0087142482827783,-0.013401741068665936,-0.00019510256172811092,-0.00017450321665349897,-6.169395244816729e-05,-0.00012338983466663445,1.0,-0.0004139505770187442,-0.0005051606046852966,-0.0067747346336244916
Summary_Windy and Overcast,-0.009067406304777323,-0.01448058764186203,-0.0028978172018673926,0.10197082807323718,0.011461389424388905,-0.002885728693843941,,0.0006093898064622202,-0.0032165336257978694,-0.009494240648666196,0.0005079833064102829,-0.0028104353348091813,0.00023713557250580676,-6.995801509094822e-05,-0.00041395057701875066,-0.0015934243762151799,-0.0016119474670492245,-0.001377223879687537,-0.0076959454623034065,-6.995801509094752e-05,-0.0004369742375280832,-0.00040799201539108644,-0.00026177666543931457,-0.0006490516135999259,-0.006133747803795592,-0.00044254332071845765,-0.0001850972998950198,-0.0002884683479179635,-0.0005554540912868564,-0.01388144433410343,-0.009881544117068397,-0.015196938544574542,-0.00022123704862523125,-0.00019787836861840226,-6.995801509094821e-05,-0.00013991821844986158,-0.0004139505770187442,1.0,-0.0005728281590585112,-0.0030966051833231324
Summary_Windy and Partly Cloudy,-0.005442571214047788,-0.010628306264067341,-0.02783387102334964,0.12914796182451158,0.02649724735328228,0.007105532210417533,,-0.011238383203384779,-0.009833915106682046,-0.022452912321672777,-5.4860830648706434e-05,3.646941188531977e-05,0.0003902418408139977,-8.537259075816341e-05,-0.0005051606046852919,-0.0019445201096378606,-0.0019671245853551496,-0.0016806819134316166,-0.009391673014110053,-8.537259075816318e-05,-0.0005332573073127733,-0.0004978891313211031,-0.00031945663551964784,-0.0007920638931329593,-0.00748526012904234,-0.0005400534844125841,-0.00022588170939148242,-0.00035202957347299187,-0.0006778430571355054,-0.016940087061174766,-0.012058847308181677,-0.018545437766584114,-0.00026998450410965904,-0.00024147896366113073,-8.537259075816347e-05,-0.00017074785194808745,-0.0005051606046852966,-0.0005728281590585112,1.0,-0.009374932621759015
Precip Type_snow,-0.563533459277382,-0.5660853000882731,0.2326575561250915,-0.0678764607940526,-0.04211172525798064,-0.316487211207396,,0.009280922914367646,-0.04409225244985903,-0.14574988869103822,0.010699620554850662,-0.051242553380031364,-0.0049916727387614105,-0.001144936168828712,0.040019289160425124,-0.01431280504438584,-0.0013287025305810433,-0.01887987625510353,0.020131090489213774,-0.0011449361688287063,-0.007151540945548974,-0.006677216533477672,-0.004284249231874304,-0.010622409267631295,0.2762169213814936,-0.007242684823252971,-0.0030293111250631346,-0.004721086564050798,-0.009090587810580867,-0.08974838966248826,0.06622811580865935,-0.12760966798068424,-0.0036207759543583234,-0.0032384866975641766,-0.0011449361688287123,0.002835877663419963,-0.0067747346336244916,-0.0030966051833231324,-0.009374932621759015,1.0
